id;total_features;num_colaboradores;versao_media;idade_em_dias;data_ultima_edicao;data_primeira_edicao;frequencia_atualizacao_anual
0;1218;42;3.586.206.896.551.720;5.0;07/09/2025;15/06/2014;10.835.242.505.483.700
1;115;8;15.304.347.826.086.900;5.0;07/09/2025;16/07/2018;160.823.754.789.272
2;1231;41;35.970.755.483.346.800;5.0;07/09/2025;16/07/2018;17.215.134.099.616.800
3;112;8;16.339.285.714.285.700;5.0;07/09/2025;16/07/2018;15.662.835.249.042.100
4;234;24;51.581.196.581.196.500;11.0;01/09/2025;07/02/2015;2.212.694.300.518.130
5;314;29;46.528.662.420.382.100;11.0;01/09/2025;07/02/2015;29.691.709.844.559.500
6;1387;58;3.966.113.914.924.290;5.0;07/09/2025;07/02/2015;13.095.059.493.016.000
7;292;29;4.571.917.808.219.170;11.0;01/09/2025;07/02/2015;2.761.139.896.373.050
8;292;29;4.571.917.808.219.170;11.0;01/09/2025;07/02/2015;2.761.139.896.373.050
9;206;20;5.058.252.427.184.460;11.0;01/09/2025;07/02/2015;19.479.274.611.398.900
10;1096;41;3.802.919.708.029.190;5.0;07/09/2025;14/06/2014;974.756.335.282.651
11;0;0;0.0;;;;0.0
12;292;29;4.571.917.808.219.170;11.0;01/09/2025;07/02/2015;2.761.139.896.373.050
13;292;29;4.571.917.808.219.170;11.0;01/09/2025;07/02/2015;2.761.139.896.373.050
14;209;22;5.100.478.468.899.520;11.0;01/09/2025;07/02/2015;1.976.295.336.787.560
15;1095;40;3.804.566.210.045.660;5.0;07/09/2025;16/07/2018;15.313.218.390.804.500
16;0;0;0.0;;;;0.0
17;0;0;0.0;;;;0.0
18;292;29;4.571.917.808.219.170;11.0;01/09/2025;07/02/2015;2.761.139.896.373.050
19;297;33;4.602.693.602.693.600;11.0;01/09/2025;28/04/2013;2.403.658.536.585.360
20;292;29;4.571.917.808.219.170;11.0;01/09/2025;07/02/2015;2.761.139.896.373.050
21;209;22;5.100.478.468.899.520;11.0;01/09/2025;07/02/2015;1.976.295.336.787.560
22;1097;41;3.812.215.132.178.660;5.0;07/09/2025;16/07/2018;153.411.877.394.636
23;0;0;0.0;;;;0.0
24;0;0;0.0;;;;0.0
25;0;0;0.0;;;;0.0
26;4;3;7.0;12.0;31/08/2025;28/04/2013;0.3237968507429585
27;292;29;4.571.917.808.219.170;11.0;01/09/2025;07/02/2015;2.761.139.896.373.050
28;292;29;4.571.917.808.219.170;11.0;01/09/2025;07/02/2015;2.761.139.896.373.050
29;293;30;4.563.139.931.740.610;11.0;01/09/2025;28/04/2013;23.712.860.310.421.200
30;302;31;46.490.066.225.165.500;11.0;01/09/2025;28/04/2013;2.444.124.168.514.410
31;1306;54;3.992.343.032.159.260;5.0;07/09/2025;07/02/2015;12.330.315.571.650.200
32;1097;41;3.812.215.132.178.660;5.0;07/09/2025;16/07/2018;153.411.877.394.636
33;3;2;8.0;12.0;31/08/2025;03/08/2021;0.735392881128274
34;1;1;1.0;4708.0;22/10/2012;22/10/2012;365.0
35;0;0;0.0;;;;0.0
36;5;3;6.0;12.0;31/08/2025;28/04/2013;0.4047460634286982
37;2;1;2.0;4520.0;28/04/2013;28/04/2013;730.0
38;2;1;2.0;4520.0;28/04/2013;28/04/2013;730.0
39;3;1;2.0;4520.0;28/04/2013;28/04/2013;1095.0
40;7;4;6.428.571.428.571.420;12.0;31/08/2025;28/04/2013;0.5666444888001774
41;1430;81;4.070.629.370.629.370;5.0;07/09/2025;28/03/2011;9.891.036.573.810.870
42;1536;90;35.872.395.833.333.300;5.0;07/09/2025;21/11/2009;971.814.872.594.904
43;1130;52;38.460.176.991.150.400;5.0;07/09/2025;16/07/2018;15.802.681.992.337.100
44;3;2;8.0;12.0;31/08/2025;03/08/2021;0.735392881128274
45;0;0;0.0;;;;0.0
46;5;4;5.8;12.0;31/08/2025;22/10/2012;0.38854588034915905
47;1;1;2.0;4520.0;28/04/2013;28/04/2013;365.0
48;4;2;4.0;12.0;31/08/2025;28/04/2013;0.3237968507429585
49;8;4;5.875;12.0;31/08/2025;28/04/2013;0.647593701485917
50;6;3;7.166.666.666.666.660;12.0;31/08/2025;23/03/2024;41.555.977.229.601.500
51;1006;87;378.727.634.194.831;11.0;01/09/2025;17/11/2009;6.365.984.743.411.920
52;4190;165;2.931.980.906.921.240;5.0;07/09/2025;18/11/2009;26.496.015.246.015.200
53;2625;119;36.148.571.428.571.400;2.0;10/09/2025;27/10/2014;24.128.053.387.056.100
54;1335;65;38.696.629.213.483.100;5.0;07/09/2025;15/06/2014;11.878.961.482.203.800
55;5;3;5.2;12.0;31/08/2025;15/06/2014;0.4456654456654457
56;4;3;6.75;12.0;31/08/2025;22/10/2012;0.31083670427932725
57;5;3;3.6;12.0;31/08/2025;28/04/2013;0.4047460634286982
58;4;2;4.0;12.0;31/08/2025;28/04/2013;0.3237968507429585
59;7;4;6.428.571.428.571.420;12.0;31/08/2025;28/04/2013;0.5666444888001774
60;0;0;0.0;;;;0.0
61;828;82;4.958.937.198.067.630;11.0;01/09/2025;10/03/2014;7.206.008.583.690.980
62;3319;94;21.714.371.798.734.500;18.0;25/08/2025;08/07/2012;25.259.278.565.471.200
63;2971;105;30.962.638.842.140.600;2.0;10/09/2025;25/03/2015;28.372.972.265.829.400
64;3867;130;31.758.469.097.491.500;2.0;10/09/2025;12/07/2013;31.768.062.120.189.000
65;2066;92;36.132.623.426.911.900;5.0;07/09/2025;16/05/2010;13.482.746.290.005.300
66;1160;50;39.793.103.448.275.800;5.0;07/09/2025;16/04/2013;9.352.772.255.356.740
67;4;2;4.0;12.0;31/08/2025;28/04/2013;0.3237968507429585
68;5;3;6.6;321.0;26/10/2024;28/04/2013;0.4345238095238096
69;4;3;7.75;321.0;26/10/2024;28/04/2013;0.3476190476190476
70;1208;49;3.732.615.894.039.730;5.0;07/09/2025;28/04/2013;9.763.507.528.786.530
71;1156;95;4.204.152.249.134.940;11.0;01/09/2025;20/05/2010;7.556.232.091.690.540
72;2043;100;28.492.413.117.963.700;18.0;25/08/2025;04/10/2010;13.710.148.924.434.600
73;2847;91;21.661.397.962.767.800;18.0;25/08/2025;24/01/2010;18.253.205.691.199.700
74;3119;115;22.298.813.722.346.900;22.0;21/08/2025;24/01/2010;2.001.116.189.136.930
75;4743;175;2.903.225.806.451.610;5.0;07/09/2025;24/01/2010;3.033.990.536.277.600
76;2832;117;3.185.734.463.276.830;5.0;07/09/2025;24/01/2010;18.115.667.718.191.300
77;1246;55;3.787.319.422.150.880;5.0;07/09/2025;25/01/2010;7.971.779.141.104.290
78;7;5;5.142.857.142.857.140;321.0;26/10/2024;28/04/2013;0.6083333333333334
79;1148;50;3.760.452.961.672.470;5.0;07/09/2025;28/04/2013;9.278.565.101.860.050
80;2696;142;24.781.157.270.029.600;5.0;07/09/2025;05/12/2010;18.256.771.799.628.900
81;1377;81;38.838.053.740.014.500;11.0;01/09/2025;03/03/2011;9.490.275.679.758.300
82;1444;85;2.971.606.648.199.440;18.0;25/08/2025;04/10/2010;9.690.384.261.812.830
83;2056;71;24.109.922.178.988.300;14.0;29/08/2025;13/05/2016;2.209.776.207.302.700
84;3545;93;21.847.672.778.561.300;14.0;29/08/2025;19/01/2014;3.050.990.332.468.750
85;2344;108;29.274.744.027.303.700;2.0;10/09/2025;30/01/2014;2.017.354.397.547.740
86;3704;208;3.443.304.535.637.140;2.0;10/09/2025;24/01/2010;23.685.353.889.278.200
87;2038;91;37.217.860.647.693.800;5.0;07/09/2025;25/01/2010;13.038.913.234.005.200
88;1918;114;32.966.631.908.237.700;5.0;07/09/2025;05/12/2010;12.988.311.688.311.600
89;3343;175;23.434.041.280.287.100;5.0;07/09/2025;01/11/2010;22.496.220.501.474.900
90;3656;204;14.436.542.669.584.200;90.0;14/06/2025;01/11/2010;24.994.193.669.226.400
91;309;35;4.815.533.980.582.520;11.0;01/09/2025;15/06/2014;27.535.400.390.625
92;2812;112;29.178.520.625.889.000;11.0;01/09/2025;02/10/2011;20.188.434.303.697.800
93;1646;80;31.567.436.208.991.400;18.0;25/08/2025;29/01/2010;10.564.269.386.319.600
94;2315;78;21.447.084.233.261.300;36.0;07/08/2025;06/08/2014;21.024.508.584.224.900
95;1858;86;26.528.525.296.017.200;18.0;25/08/2025;17/08/2010;123.595.771.824.312
96;914;52;2.5;3.0;09/09/2025;10/03/2011;62.980.932.603.360.300
97;2271;177;44.702.774.108.322.300;4.0;08/09/2025;19/11/2010;15.330.405.030.516
98;1085;82;39.308.755.760.368.600;13.0;30/08/2025;08/03/2011;7.487.710.342.219.700
99;1122;81;2.379.679.144.385.020;141.0;24/04/2025;14/03/2014;10.089.430.894.308.900
100;2703;166;185.275.619.681.835;94.0;10/06/2025;05/12/2010;18.611.488.398.415.300
101;6560;234;17.464.939.024.390.200;5.0;07/09/2025;01/11/2010;44.144.542.772.861.300
102;304;34;4.875;11.0;01/09/2025;24/01/2010;1.946.666.666.666.660
103;1239;73;34.519.774.011.299.400;11.0;01/09/2025;24/01/2010;7.933.947.368.421.050
104;892;63;33.004.484.304.932.700;0.0;12/09/2025;24/01/2010;57.009.280.336.193.300
105;1708;74;2.508.782.201.405.150;0.0;12/09/2025;24/01/2010;10.916.126.772.894.400
106;2004;113;33.962.075.848.303.300;3.0;09/09/2025;17/08/2010;1.329.443.838.604.140
107;1175;74;27.770.212.765.957.400;3.0;09/09/2025;10/03/2014;10.206.449.309.852.400
108;1735;163;4.740.057.636.887.600;3.0;09/09/2025;02/04/2011;12.007.489.571.482.700
109;773;79;4.073.738.680.465.710;13.0;30/08/2025;02/11/2010;5.210.433.979.686.050
110;416;41;34.326.923.076.923.000;169.0;27/03/2025;02/10/2010;2.870.321.361.058.600
111;615;50;2.803.252.032.520.320;180.0;17/03/2025;12/10/2010;42.594.876.660.341.500
112;3159;152;23.570.750.237.416.900;5.0;07/09/2025;15/05/2010;2.061.199.499.463.710
113;240;30;50.625;11.0;01/09/2025;24/01/2010;15.368.421.052.631.500
114;1261;85;33.996.827.914.353.600;0.0;12/09/2025;24/01/2010;8.059.271.581.159.160
115;473;48;37.568.710.359.408.000;0.0;12/09/2025;24/01/2010;30.230.257.398.003.800
116;1587;79;34.839.319.470.699.400;0.0;12/09/2025;13/01/2010;10.123.296.050.332.000
117;1135;78;3.563.876.651.982.370;0.0;12/09/2025;28/03/2010;7.334.897.308.781.860
118;1201;73;3.543.713.572.023.310;3.0;09/09/2025;15/05/2010;783.354.181.558.256
119;2025;173;4.795.061.728.395.060;4.0;08/09/2025;11/04/2010;13.130.662.639.900.500
120;1765;176;5.158.640.226.628.890;4.0;08/09/2025;02/11/2010;11.877.304.572.271.300
121;1509;161;514.181.577.203.446;4.0;08/09/2025;02/10/2010;10.096.883.593.033.900
122;1522;164;5.231.274.638.633.370;4.0;08/09/2025;02/10/2010;10.183.868.010.999.000
123;1650;169;4.932.727.272.727.270;4.0;08/09/2025;12/11/2010;11.123.937.938.677.500
124;1315;79;4.241.825.095.057.030;0.0;12/09/2025;24/01/2010;8.404.395.027.140.600
125;2159;84;30.963.408.985.641.500;0.0;12/09/2025;12/01/2010;13.769.613.838.895.600
126;2484;85;27.580.515.297.906.600;0.0;12/09/2025;24/01/2010;15.875.678.515.146.200
127;2132;95;32.617.260.787.992.400;0.0;12/09/2025;13/05/2010;13.893.590.430.280.300
128;1380;86;32.992.753.623.188.400;0.0;12/09/2025;10/08/2010;9.136.586.250.680.200
129;855;52;2.295.906.432.748.530;31.0;12/08/2025;15/05/2010;560.479.525.862.069
130;854;53;2.300.936.768.149.880;14.0;29/08/2025;21/12/2010;5.808.982.482.295.930
131;1653;160;4.695.099.818.511.790;4.0;08/09/2025;21/12/2010;11.225.023.255.813.900
132;1437;157;5.218.510.786.360.470;4.0;08/09/2025;02/04/2011;994.699.412.099.374
133;1874;165;4.838.847.385.272.140;4.0;08/09/2025;09/12/2010;126.974.197.141.266
134;574;49;440.418.118.466.899;0.0;12/09/2025;24/01/2010;36.685.344.072.841.800
135;1903;84;2.913.294.797.687.860;0.0;12/09/2025;24/01/2010;12.162.405.883.382.900
136;2336;70;2.791.095.890.410.950;0.0;12/09/2025;24/01/2010;14.929.784.626.160.000
137;1832;86;28.820.960.698.689.900;0.0;12/09/2025;24/01/2010;11.708.632.463.666.600
138;934;71;4.002.141.327.623.120;3.0;09/09/2025;24/01/2010;59.724.947.442.186.400
139;432;36;2.837.962.962.962.960;31.0;12/08/2025;10/08/2010;2.876.322.510.032.830
140;849;44;2.507.656.065.959.950;14.0;29/08/2025;08/03/2011;5.860.155.068.078.660
141;467;41;37.580.299.785.867.200;14.0;29/08/2025;24/12/2010;31.783.516.688.420.600
142;482;31;2.570.539.419.087.130;38.0;05/08/2025;26/12/2013;4.148.314.076.868.660
143;420;38;2.454.761.904.761.900;19.0;24/08/2025;24/12/2010;28.611.422.172.452.400
144;575;65;4.396.521.739.130.430;0.0;12/09/2025;24/01/2010;367.492.558.220.977
145;851;79;34.794.359.576.968.200;11.0;01/09/2025;25/08/2010;5.660.925.824.676.500
146;741;66;35.384.615.384.615.300;11.0;01/09/2025;11/07/2010;4.889.983.728.078.100
147;464;62;4.489.224.137.931.030;19.0;24/08/2025;11/04/2010;3.016.206.589.492.430
148;442;57;36.470.588.235.294.100;31.0;12/08/2025;11/04/2010;2.879.350.348.027.840
149;802;61;26.359.102.244.389.000;31.0;12/08/2025;11/04/2010;5.224.522.577.190.790
150;554;28;32.851.985.559.566.700;181.0;15/03/2025;26/12/2013;493.435.822.352.367
151;600;38;2.255;104.0;31/05/2025;18/03/2011;4.221.279.876.638.390
152;1903;57;14.440.357.330.530.700;51.0;23/07/2025;18/03/2011;13.253.100.553.329.500
153;464;53;3.976.293.103.448.270;6.0;06/09/2025;31/03/2014;4.053.614.169.459.070
154;787;79;3.710.292.249.047.010;6.0;06/09/2025;20/12/2010;5.344.279.069.767.440
155;1204;79;30.357.142.857.142.800;37.0;06/08/2025;26/08/2011;8.627.012.171.181.780
156;973;72;3.263.103.802.672.140;60.0;14/07/2025;17/02/2011;6.750.522.714.312.860
157;887;70;2.746.335.963.923.330;21.0;22/08/2025;23/05/2013;7.234.748.603.351.950
158;1430;42;16.699.300.699.300.600;59.0;15/07/2025;23/04/2011;10.041.362.062.331.600
159;3577;59;14.584.847.637.685.200;59.0;15/07/2025;17/10/2013;3.043.368.298.368.290
160;3573;68;14.058.214.385.670.300;25.0;18/08/2025;14/01/2016;37.218.750.000.000.000
161;602;56;37.890.365.448.504.900;11.0;01/09/2025;27/08/2014;5.461.844.394.730.300
162;1076;71;2.545.539.033.457.240;23.0;20/08/2025;20/12/2010;7.329.973.870.847.330
163;325;48;3.793.846.153.846.150;23.0;20/08/2025;01/10/2015;3.284.191.583.610.180
164;1169;54;20.684.345.594.525.200;2.0;10/09/2025;23/04/2011;8.121.145.793.681.000
165;2001;64;17.646.176.911.544.200;2.0;10/09/2025;02/09/2012;1.535.670.731.707.310
166;1453;70;17.983.482.450.103.200;16.0;27/08/2025;04/03/2011;10.025.425.330.812.800
167;846;41;16.099.290.780.141.800;0.0;12/09/2025;02/11/2015;8.572.737.368.128.810
168;274;35;4.916.058.394.160.580;11.0;01/09/2025;07/02/2015;25.909.326.424.870.400
169;705;66;36.652.482.269.503.500;11.0;01/09/2025;20/12/2010;4.792.791.953.808.900
170;69;17;4.057.971.014.492.750;23.0;20/08/2025;13/01/2016;7.179.304.446.978.330
171;149;10;2.966.442.953.020.130;17.0;26/08/2025;26/11/2018;2.206.288.032.454.360
172;933;60;3.297.963.558.413.710;17.0;26/08/2025;01/03/2011;6.435.090.702.947.840
173;1252;69;19.912.140.575.079.800;17.0;26/08/2025;24/05/2014;11.113.326.848.249.000
174;562;36;20.106.761.565.836.200;10.0;02/09/2025;22/02/2011;3.865.272.281.891.840
175;411;47;4.043.795.620.437.950;11.0;01/09/2025;01/10/2014;37.616.599.799.398.100
176;539;47;29.165.120.593.692.000;17.0;26/08/2025;12/12/2015;5.549.647.390.691.110
177;446;32;2.975.336.322.869.950;17.0;26/08/2025;31/03/2016;4.739.155.749.636.090
178;465;37;30.258.064.516.129.000;17.0;26/08/2025;02/04/2016;4.943.926.594.815.030
179;1093;67;23.293.687.099.725.500;10.0;02/09/2025;19/10/2010;7.342.996.502.852.930
180;761;39;17.844.940.867.279.800;10.0;02/09/2025;04/01/2011;5.187.021.475.256.760
181;231;27;49.437.229.437.229.400;11.0;01/09/2025;07/02/2015;21.843.264.248.704.600
182;800;73;3.49;11.0;01/09/2025;18/11/2011;5.798.252.581.413.820
183;692;44;2.770.231.213.872.830;17.0;26/08/2025;30/03/2016;7.350.989.522.700.810
184;325;28;3.563.076.923.076.920;17.0;26/08/2025;17/03/2014;28.372.398.947.620.100
185;457;47;35.667.396.061.269.100;10.0;02/09/2025;19/10/2010;30.702.190.318.424.400
186;438;20;1.317.351.598.173.510;78.0;26/06/2025;19/10/2010;2.979.869.524.697.110
187;335;41;47.343.283.582.089.500;11.0;01/09/2025;10/06/2014;29.808.629.936.616.200
188;870;65;38.988.505.747.126.400;11.0;01/09/2025;02/09/2012;6.689.488.097.745.940
189;507;51;31.538.461.538.461.500;17.0;26/08/2025;26/07/2016;5.575.625.188.309.730
190;536;50;3.389.925.373.134.320;17.0;26/08/2025;01/02/2010;3.440.731.621.526.550
191;241;35;34.190.871.369.294.600;141.0;24/04/2025;25/08/2010;16.423.637.042.569.000
192;654;63;4.293.577.981.651.370;11.0;01/09/2025;03/06/2012;4.934.063.662.670.520
193;480;56;37.395.833.333.333.300;56.0;18/07/2025;12/12/2012;3.807.867.854.814.170
194;459;53;3.610.021.786.492.370;2.0;10/09/2025;08/09/2010;30.566.502.463.054.100
195;424;55;4.188.679.245.283.010;2.0;10/09/2025;25/08/2010;2.816.378.525.932.660
196;866;69;33.602.771.362.586.600;11.0;01/09/2025;02/10/2011;6.217.348.544.453.180
197;428;53;3.817.757.009.345.790;52.0;22/07/2025;20/04/2012;3.226.352.746.798.840
198;1843;51;1.602.821.486.706.450;45.0;29/07/2025;17/10/2012;14.410.775.492.716.300
199;1082;58;22.033.271.719.038.800;21.0;22/08/2025;01/02/2010;6.950.545.582.541.350
200;275;38;52.327.272.727.272.700;11.0;01/09/2025;12/09/2012;21.189.571.458.729.100
201;586;71;39.658.703.071.672.300;11.0;01/09/2025;20/04/2012;4.380.298.996.518.530
202;499;60;3.364.729.458.917.830;115.0;20/05/2025;28/03/2010;32.917.946.864.268.900
203;1012;45;1.774.703.557.312.250;115.0;20/05/2025;28/03/2010;667.715.112.075.199
204;513;58;3.754.385.964.912.280;21.0;22/08/2025;24/08/2010;3.418.751.141.135.650
205;357;43;4.700.280.112.044.810;11.0;01/09/2025;23/12/2014;3.336.021.505.376.340
206;592;59;4.048.986.486.486.480;11.0;01/09/2025;13/04/2011;4.111.893.434.823.970
207;107;24;3.794.392.523.364.480;149.0;16/04/2025;13/04/2011;7.632.401.797.928.470
208;250;35;3.856;134.0;01/05/2025;26/12/2013;2.201.447.527.141.130
209;640;71;43.015.625;27.0;16/08/2025;17/10/2012;4.985.061.886.470.330
210;423;53;4.453.900.709.219.850;11.0;01/09/2025;12/09/2012;3.258.653.440.270.150
211;644;61;28.447.204.968.944.000;136.0;29/04/2025;13/11/2011;4.780.557.250.355.900
212;654;50;27.262.996.941.896.000;130.0;05/05/2025;11/11/2011;4.846.903.553.299.490
213;281;49;54.163.701.067.615.600;93.0;11/06/2025;14/01/2016;29.850.116.414.435.300
214;256;28;478.515.625;11.0;01/09/2025;07/02/2015;2.420.725.388.601.030
215;1094;79;276.691.042.047.532;11.0;01/09/2025;13/11/2011;7.921.245.784.566.550
216;358;39;29.720.670.391.061.400;203.0;21/02/2025;24/08/2010;24.673.338.368.580.000
217;54;12;3.462.962.962.962.960;93.0;11/06/2025;22/04/2011;3.816.808.675.445.390
218;370;44;38.216.216.216.216.200;11.0;01/09/2025;05/09/2013;30.840.374.514.729.300
219;752;47;3.103.723.404.255.310;11.0;01/09/2025;09/01/2014;6.453.797.319.539.140
220;112;20;4.410.714.285.714.280;93.0;11/06/2025;10/03/2015;10.910.061.382.439.200
221;395;32;36.050.632.911.392.400;11.0;01/09/2025;27/10/2012;30.727.834.612.105.700
222;516;53;39.670.542.635.658.900;11.0;01/09/2025;06/12/2011;3.753.288.162.614.580
223;288;35;4.513.888.888.888.880;11.0;01/09/2025;07/02/2015;27.233.160.621.761.600
224;287;29;4.588.850.174.216.020;11.0;01/09/2025;07/02/2015;27.138.601.036.269.400
225;287;29;4.588.850.174.216.020;11.0;01/09/2025;07/02/2015;27.138.601.036.269.400
226;318;29;4.663.522.012.578.610;11.0;01/09/2025;07/02/2015;300.699.481.865.285
227;326;29;4.690.184.049.079.750;11.0;01/09/2025;07/02/2015;30.826.424.870.466.300
228;82;12;6.621.951.219.512.190;11.0;01/09/2025;11/03/2015;7.820.747.321.661.870
229;82;12;6.621.951.219.512.190;11.0;01/09/2025;11/03/2015;7.820.747.321.661.870
230;82;12;6.621.951.219.512.190;11.0;01/09/2025;11/03/2015;7.820.747.321.661.870
231;82;12;6.621.951.219.512.190;11.0;01/09/2025;11/03/2015;7.820.747.321.661.870
232;84;13;6.523.809.523.809.520;11.0;01/09/2025;22/10/2012;652.618.135.376.756
233;288;30;4.576.388.888.888.880;11.0;01/09/2025;22/10/2012;22.375.478.927.203.000
234;287;29;4.588.850.174.216.020;11.0;01/09/2025;07/02/2015;27.138.601.036.269.400
235;287;29;4.588.850.174.216.020;11.0;01/09/2025;07/02/2015;27.138.601.036.269.400
236;0;0;0.0;;;;0.0
237;1;1;5.0;2633.0;28/06/2018;28/06/2018;365.0
238;1;1;5.0;2633.0;28/06/2018;28/06/2018;365.0
239;1;1;5.0;2633.0;28/06/2018;28/06/2018;365.0
240;0;0;0.0;;;;0.0
241;0;0;0.0;;;;0.0
242;89;14;6.629.213.483.146.060;11.0;01/09/2025;22/10/2012;6.914.644.529.587.050
243;287;29;4.588.850.174.216.020;11.0;01/09/2025;07/02/2015;27.138.601.036.269.400
244;287;29;4.588.850.174.216.020;11.0;01/09/2025;07/02/2015;27.138.601.036.269.400
245;287;29;4.588.850.174.216.020;11.0;01/09/2025;07/02/2015;27.138.601.036.269.400
246;0;0;0.0;;;;0.0
247;0;0;0.0;;;;0.0
248;0;0;0.0;;;;0.0
249;0;0;0.0;;;;0.0
250;0;0;0.0;;;;0.0
251;1;1;5.0;2633.0;28/06/2018;28/06/2018;365.0
252;1;1;5.0;2633.0;28/06/2018;28/06/2018;365.0
253;1;1;5.0;2633.0;28/06/2018;28/06/2018;365.0
254;36;8;8.25;11.0;01/09/2025;30/04/2016;38.522.427.440.633.200
255;287;29;4.588.850.174.216.020;11.0;01/09/2025;07/02/2015;27.138.601.036.269.400
256;0;0;0.0;;;;0.0
257;0;0;0.0;;;;0.0
258;0;0;0.0;;;;0.0
259;0;0;0.0;;;;0.0
260;0;0;0.0;;;;0.0
261;0;0;0.0;;;;0.0
262;0;0;0.0;;;;0.0
263;0;0;0.0;;;;0.0
264;0;0;0.0;;;;0.0
265;1;1;5.0;2633.0;28/06/2018;28/06/2018;365.0
266;36;8;8.25;11.0;01/09/2025;30/04/2016;38.522.427.440.633.200
267;287;29;4.588.850.174.216.020;11.0;01/09/2025;07/02/2015;27.138.601.036.269.400
268;287;29;4.588.850.174.216.020;11.0;01/09/2025;07/02/2015;27.138.601.036.269.400
269;0;0;0.0;;;;0.0
270;0;0;0.0;;;;0.0
271;0;0;0.0;;;;0.0
272;0;0;0.0;;;;0.0
273;0;0;0.0;;;;0.0
274;0;0;0.0;;;;0.0
275;0;0;0.0;;;;0.0
276;1123;41;3.794.300.979.519.140;5.0;07/09/2025;16/07/2018;1.570.478.927.203.060
277;125;9;3.168;1579.0;17/05/2021;16/07/2018;4.403.957.528.957.520
278;1;1;5.0;2633.0;28/06/2018;28/06/2018;365.0
279;37;9;8.162.162.162.162.160;11.0;01/09/2025;30/04/2016;3.959.249.486.953.970
280;287;29;4.588.850.174.216.020;11.0;01/09/2025;07/02/2015;27.138.601.036.269.400
281;287;29;4.588.850.174.216.020;11.0;01/09/2025;07/02/2015;27.138.601.036.269.400
282;0;0;0.0;;;;0.0
283;0;0;0.0;;;;0.0
284;0;0;0.0;;;;0.0
285;3;1;4.666.666.666.666.660;12.0;31/08/2025;31/08/2025;1095.0
286;3;1;4.666.666.666.666.660;12.0;31/08/2025;31/08/2025;1095.0
287;1203;40;36.151.288.445.552.700;5.0;07/09/2025;16/07/2018;16.823.563.218.390.800
288;1216;41;3.617.598.684.210.520;5.0;07/09/2025;16/07/2018;1.700.536.398.467.430
289;1222;41;3.617.021.276.595.740;5.0;07/09/2025;16/07/2018;1.708.927.203.065.130
290;1272;41;35.400.943.396.226.400;5.0;07/09/2025;16/07/2018;17.788.505.747.126.400
291;1292;42;35.464.396.284.829.700;5.0;07/09/2025;22/02/2018;17.117.241.379.310.300
292;1157;42;3.752.808.988.764.040;5.0;07/09/2025;16/07/2018;16.180.268.199.233.700
293;40;10;7.725;11.0;01/09/2025;30/04/2016;42.802.697.156.259.100
294;288;30;4.576.388.888.888.880;11.0;01/09/2025;15/06/2014;2.565.779.838.906.510
295;1;1;1.0;4107.0;15/06/2014;15/06/2014;365.0
296;1;1;1.0;4107.0;15/06/2014;15/06/2014;365.0
297;0;0;0.0;;;;0.0
298;3;1;4.666.666.666.666.660;12.0;31/08/2025;31/08/2025;1095.0
299;4;2;3.75;12.0;31/08/2025;12/10/2023;21.190.130.624.092.800
300;1370;45;34.416.058.394.160.500;5.0;07/09/2025;04/02/2017;15.935.309.114.085.400
301;1226;40;35.840.130.505.709.600;5.0;07/09/2025;16/07/2018;17.145.210.727.969.300
302;1252;43;35.710.862.619.808.300;5.0;07/09/2025;22/02/2018;16.587.295.825.771.300
303;1255;42;3.559.362.549.800.790;5.0;07/09/2025;16/07/2018;17.550.766.283.524.900
304;1280;41;352.890.625;5.0;07/09/2025;16/07/2018;17.900.383.141.762.400
305;1192;49;37.172.818.791.946.300;5.0;07/09/2025;09/12/2010;8.076.480.415.815.850
306;1232;48;37.743.506.493.506.400;5.0;07/09/2025;22/10/2012;955.952.380.952.381
307;287;29;4.588.850.174.216.020;11.0;01/09/2025;07/02/2015;27.138.601.036.269.400
308;288;30;4.576.388.888.888.880;11.0;01/09/2025;15/06/2014;2.565.779.838.906.510
309;1;1;1.0;4107.0;15/06/2014;15/06/2014;365.0
310;0;0;0.0;;;;0.0
311;3;1;4.666.666.666.666.660;12.0;31/08/2025;31/08/2025;1095.0
312;3;1;4.666.666.666.666.660;12.0;31/08/2025;31/08/2025;1095.0
313;2;2;1.5;12.0;31/08/2025;12/10/2023;10.595.065.312.046.400
314;1217;42;36.039.441.248.972.800;5.0;07/09/2025;04/02/2017;14.155.672.402.804.300
315;1209;42;36.129.032.258.064.500;5.0;07/09/2025;15/06/2014;1.075.517.913.721.660
316;1270;42;35.519.685.039.370.000;5.0;07/09/2025;07/07/2018;17.692.748.091.603.000
317;1180;47;3.739.830.508.474.570;5.0;07/09/2025;09/12/2010;7.995.173.565.992.200
318;1193;49;3.865.046.102.263.200;5.0;07/09/2025;22/10/2012;9.256.909.013.605.440
319;288;30;4.576.388.888.888.880;11.0;01/09/2025;15/06/2014;2.565.779.838.906.510
320;1;1;1.0;4107.0;15/06/2014;15/06/2014;365.0
321;1;1;1.0;4107.0;15/06/2014;15/06/2014;365.0
322;3;1;4.666.666.666.666.660;12.0;31/08/2025;31/08/2025;1095.0
323;3;1;4.666.666.666.666.660;12.0;31/08/2025;31/08/2025;1095.0
324;0;0;0.0;;;;0.0
325;0;0;0.0;;;;0.0
326;2;2;1.5;12.0;31/08/2025;12/10/2023;10.595.065.312.046.400
327;1200;41;3.618.333.333.333.330;5.0;07/09/2025;16/07/2018;167.816.091.954.023
328;1213;41;35.968.672.712.283.500;5.0;07/09/2025;16/07/2018;16.963.409.961.685.800
329;1222;41;35.777.414.075.286.400;5.0;07/09/2025;16/07/2018;1.708.927.203.065.130
330;1235;44;35.668.016.194.331.900;5.0;07/09/2025;16/07/2018;17.271.072.796.934.800
331;1261;48;35.535.289.452.815.200;5.0;07/09/2025;16/07/2018;17.634.674.329.501.900
332;1252;45;35.670.926.517.571.800;5.0;07/09/2025;06/06/2009;7.697.153.444.500.580
333;1173;49;39.820.971.867.007.600;5.0;07/09/2025;22/10/2012;910.172.193.877.551
334;287;29;4.588.850.174.216.020;11.0;01/09/2025;07/02/2015;27.138.601.036.269.400
335;287;29;4.588.850.174.216.020;11.0;01/09/2025;07/02/2015;27.138.601.036.269.400
336;0;0;0.0;;;;0.0
337;3;1;4.666.666.666.666.660;12.0;31/08/2025;31/08/2025;1095.0
338;3;1;4.666.666.666.666.660;12.0;31/08/2025;31/08/2025;1095.0
339;0;0;0.0;;;;0.0
340;0;0;0.0;;;;0.0
341;0;0;0.0;;;;0.0
342;0;0;0.0;;;;0.0
343;2;2;1.5;12.0;31/08/2025;12/10/2023;10.595.065.312.046.400
344;2;2;1.5;12.0;31/08/2025;12/10/2023;10.595.065.312.046.400
345;2;2;1.5;12.0;31/08/2025;12/10/2023;10.595.065.312.046.400
346;1124;42;375.711.743.772.242;5.0;07/09/2025;16/07/2018;15.718.773.946.360.100
347;1219;45;35.914.684.167.350.200;5.0;07/09/2025;16/07/2018;17.047.318.007.662.800
348;1225;45;35.763.265.306.122.400;5.0;07/09/2025;22/10/2012;9.505.208.333.333.330
349;1252;57;3.873.003.194.888.170;5.0;07/09/2025;26/05/2010;8.183.739.255.014.320
350;290;31;4.575.862.068.965.510;11.0;01/09/2025;07/02/2015;27.422.279.792.746.100
351;289;30;4.577.854.671.280.270;11.0;01/09/2025;07/02/2015;27.327.720.207.253.800
352;3;1;4.666.666.666.666.660;12.0;31/08/2025;31/08/2025;1095.0
353;3;1;4.666.666.666.666.660;12.0;31/08/2025;31/08/2025;1095.0
354;3;1;4.666.666.666.666.660;12.0;31/08/2025;31/08/2025;1095.0
355;0;0;0.0;;;;0.0
356;0;0;0.0;;;;0.0
357;0;0;0.0;;;;0.0
358;0;0;0.0;;;;0.0
359;0;0;0.0;;;;0.0
360;0;0;0.0;;;;0.0
361;0;0;0.0;;;;0.0
362;2;2;1.5;12.0;31/08/2025;12/10/2023;10.595.065.312.046.400
363;2;2;1.5;12.0;31/08/2025;12/10/2023;10.595.065.312.046.400
364;1;1;1.0;4708.0;22/10/2012;22/10/2012;365.0
365;2;2;2.0;3844.0;05/03/2015;22/10/2012;0.8439306358381503
366;85;15;6.8;11.0;01/09/2025;30/04/2016;9.095.573.145.705.070
367;289;31;4.581.314.878.892.730;11.0;01/09/2025;07/02/2015;27.327.720.207.253.800
368;5;3;4.0;12.0;31/08/2025;05/03/2016;0.5265435660703982
369;4;2;4.25;12.0;31/08/2025;12/06/2018;0.5536594615092908
370;3;1;4.666.666.666.666.660;12.0;31/08/2025;31/08/2025;1095.0
371;0;0;0.0;;;;0.0
372;0;0;0.0;;;;0.0
373;0;0;0.0;;;;0.0
374;0;0;0.0;;;;0.0
375;0;0;0.0;;;;0.0
376;0;0;0.0;;;;0.0
377;0;0;0.0;;;;0.0
378;0;0;0.0;;;;0.0
379;0;0;0.0;;;;0.0
380;0;0;0.0;;;;0.0
381;3;2;23.333.333.333.333.300;3844.0;05/03/2015;22/10/2012;12.658.959.537.572.200
382;36;8;8.25;11.0;01/09/2025;30/04/2016;38.522.427.440.633.200
383;85;15;6.8;11.0;01/09/2025;30/04/2016;9.095.573.145.705.070
384;288;30;4.579.861.111.111.110;11.0;01/09/2025;14/06/2014;25.651.537.335.285.500
385;291;31;4.580.756.013.745.700;11.0;01/09/2025;14/06/2014;2.591.874.084.919.470
386;291;31;4.587.628.865.979.380;11.0;01/09/2025;07/02/2015;2.751.683.937.823.830
387;6;4;4.0;12.0;31/08/2025;05/03/2016;0.6318522792844777
388;2;2;3.0;2649.0;12/06/2018;05/03/2016;0.8805790108564535
389;0;0;0.0;;;;0.0
390;0;0;0.0;;;;0.0
391;0;0;0.0;;;;0.0
392;0;0;0.0;;;;0.0
393;0;0;0.0;;;;0.0
394;0;0;0.0;;;;0.0
395;0;0;0.0;;;;0.0
396;0;0;0.0;;;;0.0
397;0;0;0.0;;;;0.0
398;2;2;2.0;3844.0;05/03/2015;22/10/2012;0.8439306358381503
399;1;1;3.0;3844.0;05/03/2015;05/03/2015;365.0
400;0;0;0.0;;;;0.0
401;36;8;8.25;11.0;01/09/2025;30/04/2016;38.522.427.440.633.200
402;36;8;8.25;11.0;01/09/2025;30/04/2016;38.522.427.440.633.200
403;97;17;6.680.412.371.134.020;11.0;01/09/2025;24/04/2016;10.361.428.153.350.800
404;98;17;6.663.265.306.122.440;11.0;01/09/2025;24/04/2016;10.468.247.000.292.600
405;289;31;4.567.474.048.442.900;11.0;01/09/2025;14/06/2014;25.740.605.173.255.200
406;290;30;4.589.655.172.413.790;11.0;01/09/2025;07/02/2015;27.422.279.792.746.100
407;290;30;4.589.655.172.413.790;11.0;01/09/2025;07/02/2015;27.422.279.792.746.100
408;3;1;4.666.666.666.666.660;12.0;31/08/2025;31/08/2025;1095.0
409;1;1;4.0;893.0;03/04/2023;03/04/2023;365.0
410;2;2;3.0;2649.0;12/06/2018;05/03/2016;0.8805790108564535
411;1;1;3.0;2649.0;12/06/2018;12/06/2018;365.0
412;0;0;0.0;;;;0.0
413;0;0;0.0;;;;0.0
414;0;0;0.0;;;;0.0
415;0;0;0.0;;;;0.0
416;0;0;0.0;;;;0.0
417;1;1;3.0;3844.0;05/03/2015;05/03/2015;365.0
418;0;0;0.0;;;;0.0
419;2;1;3.0;3844.0;05/03/2015;05/03/2015;730.0
420;1;1;3.0;3844.0;05/03/2015;05/03/2015;365.0
421;0;0;0.0;;;;0.0
422;0;0;0.0;;;;0.0
423;0;0;0.0;;;;0.0
424;0;0;0.0;;;;0.0
425;0;0;0.0;;;;0.0
426;44;10;7.5;11.0;01/09/2025;24/04/2016;4.700.029.265.437.510
427;294;32;463.265.306.122.449;11.0;01/09/2025;28/04/2013;2.379.379.157.427.930
428;290;30;4.589.655.172.413.790;11.0;01/09/2025;07/02/2015;27.422.279.792.746.100
429;3;1;4.666.666.666.666.660;12.0;31/08/2025;31/08/2025;1095.0
430;0;0;0.0;;;;0.0
431;0;0;0.0;;;;0.0
432;1;1;4.0;893.0;03/04/2023;03/04/2023;365.0
433;3;3;33.333.333.333.333.300;893.0;03/04/2023;05/03/2016;0.4235976789168278
434;2;2;3.0;2649.0;12/06/2018;05/03/2016;0.8805790108564535
435;0;0;0.0;;;;0.0
436;0;0;0.0;;;;0.0
437;0;0;0.0;;;;0.0
438;0;0;0.0;;;;0.0
439;2;1;3.0;3844.0;05/03/2015;05/03/2015;730.0
440;2;2;2.0;3844.0;05/03/2015;15/06/2014;2.765.151.515.151.510
441;1;1;1.0;4107.0;15/06/2014;15/06/2014;365.0
442;0;0;0.0;;;;0.0
443;0;0;0.0;;;;0.0
444;0;0;0.0;;;;0.0
445;0;0;0.0;;;;0.0
446;0;0;0.0;;;;0.0
447;0;0;0.0;;;;0.0
448;44;10;7.5;11.0;01/09/2025;24/04/2016;4.700.029.265.437.510
449;44;10;7.5;11.0;01/09/2025;24/04/2016;4.700.029.265.437.510
450;5;2;3.6;12.0;31/08/2025;28/04/2013;0.4047460634286982
451;4;2;3.75;12.0;31/08/2025;22/10/2012;0.31083670427932725
452;0;0;0.0;;;;0.0
453;0;0;0.0;;;;0.0
454;0;0;0.0;;;;0.0
455;0;0;0.0;;;;0.0
456;1;1;4.0;893.0;03/04/2023;03/04/2023;365.0
457;2;2;3.0;2649.0;12/06/2018;05/03/2016;0.8805790108564535
458;0;0;0.0;;;;0.0
459;0;0;0.0;;;;0.0
460;0;0;0.0;;;;0.0
461;0;0;0.0;;;;0.0
462;0;0;0.0;;;;0.0
463;0;0;0.0;;;;0.0
464;1;1;1.0;4107.0;15/06/2014;15/06/2014;365.0
465;0;0;0.0;;;;0.0
466;0;0;0.0;;;;0.0
467;0;0;0.0;;;;0.0
468;0;0;0.0;;;;0.0
469;0;0;0.0;;;;0.0
470;0;0;0.0;;;;0.0
471;44;10;7.5;11.0;01/09/2025;24/04/2016;4.700.029.265.437.510
472;1;1;2.0;4520.0;28/04/2013;28/04/2013;365.0
473;0;0;0.0;;;;0.0
474;0;0;0.0;;;;0.0
475;0;0;0.0;;;;0.0
476;0;0;0.0;;;;0.0
477;0;0;0.0;;;;0.0
478;1;1;4.0;893.0;03/04/2023;03/04/2023;365.0
479;3;3;33.333.333.333.333.300;893.0;03/04/2023;05/03/2016;0.4235976789168278
480;2;2;3.0;2649.0;12/06/2018;05/03/2016;0.8805790108564535
481;0;0;0.0;;;;0.0
482;1;1;2.0;4107.0;15/06/2014;15/06/2014;365.0
483;0;0;0.0;;;;0.0
484;0;0;0.0;;;;0.0
485;2;1;1.0;4107.0;15/06/2014;15/06/2014;730.0
486;0;0;0.0;;;;0.0
487;0;0;0.0;;;;0.0
488;0;0;0.0;;;;0.0
489;0;0;0.0;;;;0.0
490;53;8;30.943.396.226.415.000;63.0;11/07/2025;17/07/2018;7.583.300.666.405.330
491;1;1;1.0;4708.0;22/10/2012;22/10/2012;365.0
492;0;0;0.0;;;;0.0
493;45;11;7.355.555.555.555.550;11.0;01/09/2025;22/10/2012;34.961.685.823.754.700
494;1;1;2.0;4520.0;28/04/2013;28/04/2013;365.0
495;0;0;0.0;;;;0.0
496;0;0;0.0;;;;0.0
497;0;0;0.0;;;;0.0
498;0;0;0.0;;;;0.0
499;0;0;0.0;;;;0.0
500;0;0;0.0;;;;0.0
501;2;2;3.5;893.0;03/04/2023;05/03/2016;0.28239845261121854
502;2;2;3.0;2649.0;12/06/2018;05/03/2016;0.8805790108564535
503;0;0;0.0;;;;0.0
504;0;0;0.0;;;;0.0
505;0;0;0.0;;;;0.0
506;0;0;0.0;;;;0.0
507;1;1;2.0;63.0;11/07/2025;11/07/2025;365.0
508;1128;40;37.863.475.177.304.900;5.0;07/09/2025;16/07/2018;1.577.471.264.367.810
509;1128;40;37.916.666.666.666.600;5.0;07/09/2025;16/07/2018;1.577.471.264.367.810
510;3;1;33.333.333.333.333.300;63.0;11/07/2025;11/07/2025;1095.0
511;53;8;30.943.396.226.415.000;63.0;11/07/2025;17/07/2018;7.583.300.666.405.330
512;1126;40;37.770.870.337.477.700;5.0;07/09/2025;16/07/2018;15.746.743.295.019.100
513;1172;40;3.697.952.218.430.030;5.0;07/09/2025;16/07/2018;16.390.038.314.176.200
514;1170;40;3.700.854.700.854.700;5.0;07/09/2025;16/07/2018;1.636.206.896.551.720
515;46;11;7.239.130.434.782.600;11.0;01/09/2025;22/10/2012;3.573.861.217.539.370
516;1116;43;3.803.763.440.860.210;5.0;07/09/2025;28/04/2013;9.019.929.140.832.590
517;0;0;0.0;;;;0.0
518;0;0;0.0;;;;0.0
519;0;0;0.0;;;;0.0
520;0;0;0.0;;;;0.0
521;0;0;0.0;;;;0.0
522;0;0;0.0;;;;0.0
523;1;1;4.0;893.0;03/04/2023;03/04/2023;365.0
524;3;3;33.333.333.333.333.300;893.0;03/04/2023;05/03/2016;0.4235976789168278
525;2;2;3.0;2649.0;12/06/2018;05/03/2016;0.8805790108564535
526;4;1;1.0;4107.0;15/06/2014;22/10/2012;24.292.845.257.903.400
527;0;0;0.0;;;;0.0
528;0;0;0.0;;;;0.0
529;1;1;2.0;63.0;11/07/2025;11/07/2025;365.0
530;1247;40;35.308.740.978.348.000;5.0;07/09/2025;16/07/2018;17.438.888.888.888.800
531;1723;42;28.583.865.351.131.700;5.0;07/09/2025;16/07/2018;240.955.938.697.318
532;1173;43;3.711.849.957.374.250;5.0;07/09/2025;14/12/2013;9.989.384.041.063.920
533;1158;45;37.426.597.582.037.900;5.0;07/09/2025;16/07/2018;16.194.252.873.563.200
534;1134;40;3.755.731.922.398.580;5.0;07/09/2025;16/07/2018;15.858.620.689.655.100
535;17;3;1.411.764.705.882.350;521.0;09/04/2024;24/01/2020;4.034.460.338.101.430
536;1226;46;38.123.980.424.143.500;5.0;07/09/2025;15/06/2014;10.906.409.943.943.400
537;1173;47;3.947.144.075.021.310;5.0;07/09/2025;15/06/2014;10.434.925.664.148.100
538;2238;117;26.340.482.573.726.500;5.0;07/09/2025;31/05/2014;1.984.138.936.118.530
539;0;0;0.0;;;;0.0
540;0;0;0.0;;;;0.0
541;0;0;0.0;;;;0.0
542;0;0;0.0;;;;0.0
543;0;0;0.0;;;;0.0
544;0;0;0.0;;;;0.0
545;0;0;0.0;;;;0.0
546;2;2;3.5;893.0;03/04/2023;05/03/2016;0.28239845261121854
547;2;2;3.0;2649.0;12/06/2018;05/03/2016;0.8805790108564535
548;0;0;0.0;;;;0.0
549;2;1;1.5;4107.0;15/06/2014;15/06/2014;730.0
550;3;1;13.333.333.333.333.300;4107.0;15/06/2014;15/06/2014;1095.0
551;1;1;2.0;63.0;11/07/2025;11/07/2025;365.0
552;1225;41;3.572.244.897.959.180;5.0;07/09/2025;16/07/2018;17.131.226.053.639.800
553;1302;41;34.377.880.184.331.700;5.0;07/09/2025;16/07/2018;18.208.045.977.011.400
554;1133;41;37.775.816.416.593.100;5.0;07/09/2025;15/06/2014;10.079.088.471.849.800
555;1141;41;37.747.589.833.479.400;5.0;07/09/2025;16/07/2018;15.956.513.409.961.600
556;1133;41;376.522.506.619.594;5.0;07/09/2025;15/06/2014;10.079.088.471.849.800
557;1168;40;37.200.342.465.753.400;5.0;07/09/2025;16/07/2018;1.633.409.961.685.820
558;1216;45;38.371.710.526.315.700;5.0;07/09/2025;28/04/2016;12.981.573.559.520.300
559;3502;168;2.296.116.504.854.360;5.0;07/09/2025;04/06/2012;26.393.351.228.577.300
560;1214;51;3.709.225.700.164.740;5.0;07/09/2025;16/07/2018;16.977.394.636.015.300
561;0;0;0.0;;;;0.0
562;0;0;0.0;;;;0.0
563;0;0;0.0;;;;0.0
564;0;0;0.0;;;;0.0
565;0;0;0.0;;;;0.0
566;0;0;0.0;;;;0.0
567;1;1;4.0;893.0;03/04/2023;03/04/2023;365.0
568;4;4;2.75;893.0;03/04/2023;22/10/2012;0.38259958071278827
569;2;2;3.0;2649.0;12/06/2018;05/03/2016;0.8805790108564535
570;1;1;1.0;4708.0;22/10/2012;22/10/2012;365.0
571;4;2;1.75;246.0;09/01/2025;22/10/2012;0.3271342146538203
572;6;3;18.333.333.333.333.300;63.0;11/07/2025;22/10/2012;0.4713732242789496
573;5;2;1.8;246.0;09/01/2025;22/10/2012;0.40891776831727533
574;1153;42;37.406.764.960.971.300;5.0;07/09/2025;22/10/2012;8.946.534.863.945.570
575;1147;44;3.766.346.992.153.440;5.0;07/09/2025;20/03/2014;9.991.766.109.785.200
576;1129;40;37.900.797.165.633.300;5.0;07/09/2025;16/07/2018;15.788.697.318.007.600
577;1174;44;39.045.996.592.844.900;5.0;07/09/2025;28/04/2016;12.533.196.841.181.600
578;1192;44;38.783.557.046.979.800;5.0;07/09/2025;28/04/2016;12.725.358.291.898.200
579;1202;45;38.668.885.191.347.700;5.0;07/09/2025;28/04/2016;12.832.114.653.407.400
580;3963;180;22.770.628.311.884.900;5.0;07/09/2025;01/11/2010;26.668.418.141.592.900
581;3483;139;23.775.480.907.263.800;5.0;07/09/2025;15/06/2014;30.992.077.035.592.300
582;1121;47;3.815.343.443.354.140;5.0;07/09/2025;01/10/2014;10.241.927.409.261.500
583;1117;46;3.813.786.929.274.840;5.0;07/09/2025;22/10/2012;86.671.981.292.517
584;0;0;0.0;;;;0.0
585;0;0;0.0;;;;0.0
586;0;0;0.0;;;;0.0
587;0;0;0.0;;;;0.0
588;0;0;0.0;;;;0.0
589;1;1;4.0;893.0;03/04/2023;03/04/2023;365.0
590;2;2;3.0;2649.0;12/06/2018;05/03/2016;0.8805790108564535
591;10;3;2.0;1876.0;24/07/2020;22/10/2012;12.883.868.690.434.100
592;1117;42;37.940.913.160.250.600;5.0;07/09/2025;08/06/2018;15.396.714.501.510.500
593;1121;41;37.867.975.022.301.500;5.0;07/09/2025;08/06/2018;15.451.850.453.172.200
594;1141;44;3.759.859.772.129.710;5.0;07/09/2025;08/03/2011;786.228.053.615.254
595;1182;49;38.917.089.678.510.900;5.0;07/09/2025;09/04/2011;8.194.301.994.301.990
596;1173;49;39.087.809.036.658.100;5.0;07/09/2025;22/10/2012;910.172.193.877.551
597;1178;48;3.899.830.220.713.070;5.0;07/09/2025;22/10/2012;9.140.518.707.482.990
598;1157;45;3.936.905.790.838.370;5.0;07/09/2025;28/04/2016;1.235.171.102.661.590
599;1173;48;39.215.686.274.509.800;5.0;07/09/2025;02/05/2014;10.324.210.272.486.100
600;1149;44;39.416.884.247.171.400;5.0;07/09/2025;28/04/2016;12.266.305.937.408.500
601;2149;111;2.975.802.698.929.730;5.0;07/09/2025;15/05/2010;1.402.189.846.263.850
602;1263;73;3.606.492.478.226.440;5.0;07/09/2025;15/06/2014;11.238.298.391.028.700
603;1318;73;3.704.855.842.185.120;5.0;07/09/2025;20/01/2011;9.002.058.383.233.530
604;1507;73;35.228.931.652.289.300;5.0;07/09/2025;20/01/2011;10.292.945.359.281.400
605;1423;67;34.694.307.800.421.600;5.0;07/09/2025;15/06/2014;12.661.994.149.195.500
606;1156;53;3.795.847.750.865.050;5.0;07/09/2025;16/07/2018;16.166.283.524.904.200
607;0;0;0.0;;;;0.0
608;0;0;0.0;;;;0.0
609;0;0;0.0;;;;0.0
610;3;2;2.0;893.0;03/04/2023;22/10/2012;0.2869496855345912
611;1142;47;37.381.786.339.754.800;5.0;07/09/2025;09/04/2011;7.916.999.050.332.380
612;1143;46;37.567.804.024.496.900;5.0;07/09/2025;09/04/2011;7.923.931.623.931.620
613;1251;58;36.203.037.569.944.000;5.0;07/09/2025;08/03/2011;8.620.256.749.103.260
614;1324;46;34.244.712.990.936.500;5.0;07/09/2025;25/01/2018;17.370.956.146.657.000
615;1183;48;3.720.202.874.049.020;5.0;07/09/2025;08/12/2010;8.015.500.278.448.110
616;1268;52;37.665.615.141.955.800;5.0;07/09/2025;09/04/2011;8.790.503.323.836.650
617;1131;75;2.528.735.632.183.900;135.0;30/04/2025;09/06/2018;1.639.455.917.394.750
618;5231;178;2.251.959.472.376.210;5.0;07/09/2025;13/01/2016;5.414.960.294.951.780
619;3183;139;2.572.730.128.809.290;5.0;07/09/2025;20/01/2011;21.740.175.898.203.500
620;1838;81;1.557.671.381.936.880;79.0;25/06/2025;20/01/2011;12.729.981.024.667.900
621;2915;110;14.319.039.451.114.900;96.0;08/06/2025;20/01/2011;20.254.616.409.670.600
622;1912;91;29.194.560.669.456.000;5.0;07/09/2025;02/03/2011;13.160.098.057.703.100
623;1343;73;3.710.349.962.769.910;5.0;07/09/2025;13/01/2016;13.906.241.134.751.700
624;1338;61;36.292.974.588.938.700;5.0;07/09/2025;03/03/2011;9.211.052.433.044.130
625;1126;47;38.445.825.932.504.400;5.0;07/09/2025;20/03/2018;15.060.095.272.993.700
626;1111;45;38.685.868.586.858.600;5.0;07/09/2025;22/10/2012;8.620.642.006.802.720
627;1327;58;35.840.241.145.440.800;5.0;07/09/2025;08/03/2011;914.394.940.532.377
628;1319;58;3.626.231.993.934.790;5.0;07/09/2025;09/04/2011;9.144.064.577.397.910
629;1290;61;3.634.108.527.131.780;5.0;07/09/2025;09/04/2011;8.943.019.943.019.940
630;1153;43;37.267.996.530.789.200;5.0;07/09/2025;08/06/2018;15.892.938.066.465.200
631;1171;43;36.823.228.010.247.600;5.0;07/09/2025;08/06/2018;161.410.498.489.426
632;1232;50;38.189.935.064.935.000;5.0;07/09/2025;15/06/2014;10.959.785.522.788.200
633;2491;211;37.619.429.947.812.100;4.0;08/09/2025;09/12/2010;16.877.946.909.225.900
634;4619;248;264.537.778.739.987;4.0;08/09/2025;18/03/2011;31.882.280.635.400.900
635;1242;57;2.134.460.547.504.020;135.0;30/04/2025;31/01/2011;8.711.183.704.842.420
636;918;65;17.657.952.069.716.700;79.0;25/06/2025;27/12/2018;14.126.053.962.900.500
637;2741;95;14.523.896.388.179.400;79.0;25/06/2025;02/03/2011;1.913.300.822.336.960
638;567;48;24.091.710.758.377.400;114.0;21/05/2025;02/03/2011;3.983.734.359.961.500
639;350;43;26.942.857.142.857.100;111.0;24/05/2025;10/12/2010;24.199.659.026.330.700
640;382;38;23.743.455.497.382.100;43.0;31/07/2025;26/12/2013;3.291.548.630.783.750
641;1423;72;36.092.761.770.906.500;5.0;07/09/2025;15/08/2016;15.691.691.842.900.300
642;1344;70;36.941.964.285.714.200;5.0;07/09/2025;26/04/2011;9.347.560.975.609.750
643;1378;61;36.037.735.849.056.600;5.0;07/09/2025;10/12/2010;9.340.204.271.123.490
644;187;16;29.251.336.898.395.700;842.0;24/05/2023;09/04/2011;15.414.408.310.749.700
645;1137;46;3.816.182.937.554.960;5.0;07/09/2025;25/01/2018;14.917.505.391.804.400
646;1108;40;38.104.693.140.794.200;5.0;07/09/2025;16/07/2018;15.495.019.157.088.100
647;1151;45;37.410.947.002.606.400;5.0;07/09/2025;08/06/2018;1.586.537.009.063.440
648;1270;55;37.716.535.433.070.800;5.0;07/09/2025;08/12/2010;8.604.974.939.669.570
649;1494;151;4.811.244.979.919.670;4.0;08/09/2025;24/12/2010;10.150.967.982.129.500
650;1528;149;5.045.157.068.062.820;4.0;08/09/2025;04/03/2011;10.519.049.415.314.900
651;1459;155;5.200.822.481.151.470;4.0;08/09/2025;09/03/2011;10.053.520.860.864.600
652;131;23;32.442.748.091.603.000;61.0;13/07/2025;31/01/2011;9.059.302.766.199.310
653;7;4;7.714.285.714.285.710;135.0;30/04/2025;12/04/2021;17.263.513.513.513.500
654;103;18;38.932.038.834.951.400;114.0;21/05/2025;02/03/2011;7.236.766.121.270.450
655;263;29;3.0;101.0;03/06/2025;20/11/2016;30.797.240.936.798.200
656;398;39;34.271.356.783.919.500;114.0;21/05/2025;09/04/2011;28.174.941.815.360.700
657;434;39;31.129.032.258.064.500;167.0;29/03/2025;26/04/2011;3.114.016.119.520.340
658;331;33;3.105.740.181.268.880;193.0;03/03/2025;08/12/2010;23.238.122.715.906.900
659;210;33;4.3;11.0;01/09/2025;08/03/2011;14.486.864.486.864.400
660;258;24;3.135.658.914.728.680;11.0;01/09/2025;27/04/2016;27.583.479.789.103.600
661;1297;52;3.726.291.441.788.740;5.0;07/09/2025;12/07/2014;11.614.450.441.609.400
662;1147;45;395.640.802.092.415;5.0;07/09/2025;27/04/2016;12.241.374.269.005.800
663;77;11;6.363.636.363.636.360;11.0;01/09/2025;27/04/2016;8.232.278.851.786.760
664;1163;48;39.724.849.527.085.100;5.0;07/09/2025;22/10/2012;9.024.128.401.360.540
665;2627;64;14.670.727.065.093.200;51.0;23/07/2025;24/12/2010;18.006.666.666.666.600
666;912;45;18.103.070.175.438.500;75.0;29/06/2025;04/03/2011;6.363.601.605.811.500
667;1323;158;5.474.678.760.393.040;4.0;08/09/2025;04/03/2011;9.107.789.513.391.170
668;1503;161;5.045.908.183.632.730;4.0;08/09/2025;18/03/2011;10.374.338.124.054.400
669;41;15;3.926.829.268.292.680;135.0;30/04/2025;13/01/2016;4.407.952.871.870.390
670;11;4;8.545.454.545.454.540;135.0;30/04/2025;06/03/2019;17.860.320.284.697.500
671;50;15;5.84;135.0;30/04/2025;26/04/2011;35.651.494.432.506.300
672;431;36;28.955.916.473.317.800;135.0;30/04/2025;04/03/2011;30.416.666.666.666.600
673;433;40;351.270.207.852.194;11.0;01/09/2025;16/03/2011;299.157.675.563.127
674;271;24;2.867.158.671.586.710;11.0;01/09/2025;16/03/2011;1.872.326.329.736.890
675;112;17;4.258.928.571.428.570;11.0;01/09/2025;27/04/2016;11.974.223.784.417.100
676;2231;59;14.334.379.202.151.500;1.0;11/09/2025;15/12/2013;18.986.127.302.401.400
677;557;35;2.116.696.588.868.940;29.0;14/08/2025;14/01/2016;5.808.714.285.714.280
678;399;50;4.030.075.187.969.920;67.0;07/07/2025;24/03/2015;387.533.262.373.603
679;1626;159;4.870.848.708.487.080;5.0;08/09/2025;14/02/2011;11.155.827.067.669.100
680;1282;146;5.162.246.489.859.590;5.0;08/09/2025;26/11/2010;866.537.037.037.037
681;195;23;32.256.410.256.410.200;135.0;30/04/2025;18/03/2011;13.801.628.853.984.800
682;177;24;292.090.395.480.226;135.0;30/04/2025;18/03/2011;12.527.632.344.386.200
683;144;19;30.833.333.333.333.300;591.0;30/01/2024;26/04/2011;11.271.713.489.170.000
684;179;25;4.256.983.240.223.460;11.0;01/09/2025;16/03/2011;12.367.026.310.808.200
685;127;16;37.874.015.748.031.400;11.0;01/09/2025;08/03/2011;8.761.103.761.103.760
686;754;48;21.339.522.546.419.000;17.0;26/08/2025;22/02/2011;51.926.415.094.339.600
687;310;40;3.4;23.0;20/08/2025;14/02/2011;2.134.502.923.976.600
688;424;42;34.693.396.226.415.000;75.0;29/06/2025;21/10/2014;3.964.139.344.262.290
689;216;33;27.962.962.962.962.900;23.0;20/08/2025;26/12/2013;18.524.436.090.225.500
690;1316;155;51.534.954.407.294.800;5.0;08/09/2025;14/02/2011;9.028.947.368.421.050
691;1283;142;5.155.884.645.362.430;5.0;08/09/2025;18/03/2011;8.855.805.597.579.420
692;179;23;2.921.787.709.497.200;232.0;23/01/2025;18/03/2011;12.912.055.335.968.300
693;236;23;3.343.220.338.983.050;11.0;01/09/2025;16/03/2011;1.630.512.966.117.730
694;192;19;31.197.916.666.666.600;11.0;01/09/2025;16/03/2011;1.326.519.023.282.220
695;177;19;2.983.050.847.457.620;11.0;01/09/2025;24/12/2010;12.041.938.490.214.300
696;252;45;3.123.015.873.015.870;10.0;02/09/2025;13/01/2017;2.916.296.766.011.410
697;286;37;34.405.594.405.594.400;75.0;29/06/2025;14/02/2011;19.887.597.637.645.200
698;252;31;34.007.936.507.936.500;141.0;24/04/2025;22/02/2011;17.770.479.134.466.700
699;300;30;28.966.666.666.666.600;60.0;14/07/2025;26/12/2013;25.960.170.697.012.800
700;216;29;3.111.111.111.111.110;164.0;01/04/2025;16/10/2015;2.281.910.274.963.820
701;1119;137;5.517.426.273.458.440;5.0;08/09/2025;14/02/2011;767.734.962.406.015
702;1271;146;5.361.919.748.229.740;5.0;08/09/2025;18/03/2011;8.772.976.550.680.780
703;1190;142;5.446.218.487.394.950;5.0;08/09/2025;16/03/2011;821.077.504.725.898
704;1145;141;5.570.305.676.855.890;5.0;08/09/2025;16/03/2011;7.900.283.553.875.230
705;331;39;3.471.299.093.655.580;141.0;24/04/2025;14/01/2016;3.565.968.122.786.300
706;295;29;34.372.881.355.932.200;100.0;04/06/2025;19/12/2018;4.564.434.082.238.230
707;417;40;25.995.203.836.930.400;46.0;28/07/2025;22/02/2011;28.875.924.871.940.800
708;260;32;28.923.076.923.076.900;444.0;25/06/2024;23/02/2011;19.482.652.432.765.300
709;232;33;33.620.689.655.172.400;506.0;24/04/2024;22/02/2011;17.604.989.604.989.600
710;91;21;5.087.912.087.912.080;11.0;01/09/2025;22/04/2011;6.331.490.659.550.130
711;96;19;4.833.333.333.333.330;11.0;01/09/2025;22/04/2011;6.679.374.761.723.210
712;691;35;2.044.862.518.089.720;56.0;18/07/2025;18/08/2014;6.324.348.044.132.390
713;282;33;30.390.070.921.985.800;151.0;14/04/2025;14/04/2011;20.123.167.155.425.200
714;482;37;2.775.933.609.958.500;50.0;24/07/2025;15/01/2016;5.056.912.906.007.470
715;210;23;3.361.904.761.904.760;130.0;05/05/2025;23/02/2011;14.780.177.400.694.100
716;178;28;3.146.067.415.730.330;130.0;05/05/2025;29/01/2018;24.480.030.143.180.100
717;122;20;4.983.606.557.377.040;11.0;01/09/2025;27/04/2016;13.043.350.908.025.700
718;80;15;5.65;11.0;01/09/2025;27/04/2016;8.553.016.988.869.360
719;693;30;22.135.642.135.642.100;64.0;10/07/2025;25/08/2010;4.654.858.299.595.140
720;392;42;3.392.857.142.857.140;64.0;10/07/2025;14/04/2011;2.750.480.584.390.610
721;321;30;29.221.183.800.623.000;847.0;19/05/2023;23/02/2011;26.223.142.345.568.400
722;255;27;27.215.686.274.509.800;130.0;05/05/2025;23/02/2011;179.473.582.722.715
723;92;19;34.456.521.739.130.400;130.0;05/05/2025;12/08/2018;13.655.957.706.384.700
724;23;9;3.391.304.347.826.080;506.0;24/04/2024;11/02/2019;442.074.776.197.999
725;129;22;4.837.209.302.325.580;11.0;01/09/2025;27/04/2016;13.791.739.894.551.800
726;77;19;6.545.454.545.454.540;11.0;01/09/2025;27/04/2016;8.232.278.851.786.760
727;82;21;62.439.024.390.243.900;11.0;01/09/2025;27/04/2016;8.766.842.413.591.090
728;597;39;21.892.797.319.932.900;64.0;10/07/2025;25/08/2010;401.002.944.423.997
729;648;41;23.873.456.790.123.400;141.0;24/04/2025;18/08/2014;6.059.953.881.629.510
730;281;28;39.644.128.113.879.000;587.0;03/02/2024;23/02/2011;2.168.851.765.700.990
731;64;14;359.375;506.0;24/04/2024;02/07/2018;11.003.297.220.913.800
732;41;10;4.585.365.853.658.530;744.0;30/08/2023;11/09/2019;10.320.689.655.172.400
733;10;5;2.2;506.0;24/04/2024;11/09/2019;21.636.040.308.239.400
734;72;16;4.152.777.777.777.770;192.0;05/03/2025;07/05/2016;815.136.476.426.799
735;152;23;51.118.421.052.631.500;11.0;01/09/2025;27/04/2016;16.250.732.278.851.700
736;154;24;464.935.064.935.065;11.0;01/09/2025;27/04/2016;16.464.557.703.573.500
737;222;25;3.126.126.126.126.120;11.0;01/09/2025;27/04/2016;2.373.462.214.411.240
738;341;30;27.008.797.653.958.900;11.0;01/09/2025;08/12/2010;2.312.616.127.833.510
739;264;39;3.625;13.0;30/08/2025;24/08/2010;17.567.912.488.605.200
740;748;50;23.622.994.652.406.400;110.0;25/05/2025;25/08/2010;5.067.186.340.014.840
741;564;29;2.234.042.553.191.480;381.0;27/08/2024;18/08/2014;56.215.182.960.131.000
742;91;13;20.549.450.549.450.500;506.0;24/04/2024;25/05/2018;153.701.989.819.528
743;42;9;4.738.095.238.095.230;744.0;30/08/2023;06/01/2020;11.500.375.093.773.400
744;39;10;3.871.794.871.794.870;598.0;23/01/2024;07/05/2016;5.051.454.932.576.290
745;69;18;3.898.550.724.637.680;192.0;05/03/2025;07/05/2016;7.811.724.565.756.820
746;62;18;432.258.064.516.129;192.0;05/03/2025;02/01/2017;7.583.780.160.857.900
747;393;25;21.755.725.190.839.600;192.0;05/03/2025;02/01/2017;4.807.138.069.705.090
748;339;23;19.085.545.722.713.800;117.0;18/05/2025;08/12/2010;2.345.242.608.036.390
749;266;26;3.357.142.857.142.850;11.0;01/09/2025;08/12/2010;18.039.762.170.196.900
750;590;55;37.033.898.305.084.700;141.0;24/04/2025;24/08/2010;40.199.738.659.697.500
751;755;62;3.090.066.225.165.560;108.0;27/05/2025;24/08/2010;5.111.760.341.309.590
752;845;48;20.153.846.153.846.100;23.0;20/08/2025;25/08/2010;5.634.362.440.628.420
753;1024;30;2.166.015.625;275.0;12/12/2024;14/03/2014;9.520.122.261.844.110
754;634;33;20.236.593.059.936.900;185.0;11/03/2025;25/08/2010;4.356.362.951.807.220
755;173;26;39.826.589.595.375.700;192.0;05/03/2025;25/08/2010;11.900.678.477.195.600
756;313;27;2.143.769.968.051.110;192.0;05/03/2025;14/03/2014;28.497.131.454.227.900
757;284;21;17.746.478.873.239.400;192.0;05/03/2025;13/03/2011;20.301.605.953.779.800
758;272;21;22.830.882.352.941.100;192.0;05/03/2025;17/12/2009;17.865.754.903.725.000
759;199;24;30.753.768.844.221.100;107.0;29/05/2025;17/12/2009;12.873.980.857.851.800
760;142;25;4.704.225.352.112.670;11.0;01/09/2025;08/12/2010;9.630.248.978.075.060
761;551;58;37.041.742.286.751.300;27.0;16/08/2025;31/10/2010;372.159.511.472.983
762;767;76;31.473.272.490.221.600;27.0;16/08/2025;24/08/2010;51.161.366.959.064.300
763;572;56;3.199.300.699.300.690;11.0;01/09/2025;25/08/2010;3.805.687.203.791.460
764;372;39;3.911.290.322.580.640;11.0;01/09/2025;21/01/2010;23.812.697.299.193.200
765;560;34;22.785.714.285.714.200;11.0;01/09/2025;21/08/2010;3.723.132.969.034.600
766;718;30;20.083.565.459.610.000;11.0;01/09/2025;14/03/2014;625.614.705.180.234
767;577;31;2.081.455.805.892.540;11.0;01/09/2025;14/03/2014;50.275.722.129.386.400
768;295;30;37.322.033.898.305.000;11.0;01/09/2025;13/03/2011;20.369.844.873.250.000
769;300;34;35.766.666.666.666.600;117.0;18/05/2025;14/03/2014;26.811.949.069.539.600
770;249;34;4.156.626.506.024.090;11.0;01/09/2025;14/03/2014;21.696.108.856.529.000
771;88;21;6.454.545.454.545.450;11.0;01/09/2025;30/04/2016;9.416.593.374.377.010
772;544;51;4.170.955.882.352.940;27.0;16/08/2025;12/12/2012;4.287.626.862.448.710
773;1297;101;4.688.511.950.655.350;11.0;01/09/2025;26/06/2010;8.535.971.871.619.180
774;278;48;426.978.417.266.187;11.0;01/09/2025;26/06/2010;1.829.606.923.909.120
775;385;25;2.168.831.168.831.160;11.0;01/09/2025;14/03/2014;3.354.619.240.868.940
776;408;26;21.936.274.509.803.900;11.0;01/09/2025;14/03/2014;3.555.025.065.648.120
777;404;29;21.806.930.693.069.300;11.0;01/09/2025;14/03/2014;35.201.718.787.300.000
778;92;18;6.021.739.130.434.780;11.0;01/09/2025;14/03/2014;8.016.232.991.167.340
779;454;28;2.762.114.537.444.930;60.0;14/07/2025;24/06/2010;30.134.569.921.803.900
780;1031;90;4.250.242.483.026.180;11.0;01/09/2025;06/09/2010;6.873.333.333.333.330
781;357;23;284.593.837.535.014;76.0;28/06/2025;17/10/2017;46.338.904.694.167.800
782;274;39;38.394.160.583.941.600;11.0;01/09/2025;13/06/2010;17.990.645.799.604.200
783;981;96;4.419.979.612.640.160;11.0;01/09/2025;24/01/2010;6.281.842.105.263.150
784;236;29;2.889.830.508.474.570;93.0;11/06/2025;10/03/2015;22.989.057.912.997.000
785;222;47;4.603.603.603.603.600;11.0;01/09/2025;13/06/2010;14.576.362.655.153.800
786;454;50;4.403.083.700.440.520;11.0;01/09/2025;12/12/2012;356.595.653.109.533
787;321;43;4.140.186.915.887.850;11.0;01/09/2025;01/09/2012;2.467.670.598.146.580
